Дата,Цена открытия,Цена закрытия,Цена min,Цена max,Кол-во сделок
20.07.2020,83.26,84.74,82.60,84.96,20 890
21.07.2020,85.20,87.60,84.88,87.84,36 817
22.07.2020,88.00,85.90,85.20,88.78,27 408
23.07.2020,86.12,86.10,85.80,86.92,13 456
24.07.2020,85.44,88.22,84.28,89.40,42 850
27.07.2020,88.64,87.30,86.44,89.50,26 053
28.07.2020,87.30,83.60,82.86,87.66,61 175
29.07.2020,83.46,83.56,82.10,84.36,26 944
30.07.2020,83.68,82.24,81.70,83.30,28 957
31.07.2020,82.54,82.54,82.40,83.54,17 780
03.08.2020,83.20,83.76,83.18,84.28,19 784
04.08.2020,83.72,81.90,81.72,84.08,30 129
05.08.2020,82.08,82.00,80.52,82.72,32 483
06.08.2020,80.00,81.98,78.22,83.12,39 714
07.08.2020,81.80,81.50,81.38,82.18,15 199
10.08.2020,81.60,83.04,81.56,83.20,20 998
11.08.2020,83.20,83.70,82.70,83.80,17 867
12.08.2020,83.58,85.50,83.12,89.18,84 127
13.08.2020,85.50,86.22,85.48,88.00,34 964
14.08.2020,86.12,85.86,85.14,86.90,13 969
17.08.2020,86.22,85.06,85.00,86.60,11 320
18.08.2020,85.06,83.48,83.12,85.14,17 853
19.08.2020,83.56,83.60,82.46,83.92,12 251
20.08.2020,83.48,82.84,82.80,83.84,8 999
21.08.2020,83.22,83.16,82.60,83.88,9 468
24.08.2020,83.94,84.00,83.46,84.36,10 571
25.08.2020,84.18,83.16,83.00,84.50,8 863
26.08.2020,83.04,83.20,82.86,83.94,11 075
27.08.2020,83.38,82.90,82.54,83.40,8 103
28.08.2020,83.02,82.60,81.90,83.08,8 864
31.08.2020,82.62,80.80,80.82,88.00,20 712
01.09.2020,80.84,82.00,80.24,82.40,12 837
02.09.2020,82.02,81.78,80.88,82.60,9 342
03.09.2020,81.50,81.80,81.16,82.80,11 311
04.09.2020,81.28,81.66,80.60,82.60,10 301
07.09.2020,81.80,81.92,81.32,82.32,5 841
08.09.2020,81.94,81.54,80.68,82.26,9 688
09.09.2020,81.14,82.08,80.96,82.20,7 499
10.09.2020,82.10,81.98,81.16,82.12,9 111
11.09.2020,81.54,81.88,81.40,82.80,9 012
14.09.2020,82.00,82.34,80.70,82.50,17 085
15.09.2020,82.22,82.40,81.78,82.40,9 853
16.09.2020,82.14,82.90,82.14,83.76,12 412
17.09.2020,82.32,82.02,82.02,83.08,11 120
18.09.2020,82.40,81.50,81.50,82.40,7 943
21.09.2020,80.98,79.00,77.58,81.00,24 183
22.09.2020,79.12,76.86,79.30,77.36,17 950
23.09.2020,77.66,76.48,77.88,77.42,13 723
24.09.2020,77.46,76.02,77.46,76.04,14 430
25.09.2020,76.00,73.10,76.46,74.14,21 495
28.09.2020,74.20,75.30,73.24,76.38,18 208
29.09.2020,76.44,74.20,73.58,76.44,15 244
30.09.2020,74.12,73.90,73.70,74.70,10 974
01.10.2020,74.36,70.50,70.50,74.36,26 555
02.10.2020,70.00,68.60,68.00,71.64,37 611
05.10.2020,69.00,65.30,65.00,69.20,57 986
06.10.2020,65.66,67.64,65.02,67.70,39 924
07.10.2020,67.70,65.34,64.72,68.30,45 397
08.10.2020,64.00,62.02,61.80,64.92,69 405
09.10.2020,60.66,60.00,59.00,61.50,143 086
12.10.2020,60.92,59.70,59.40,60.94,54 674
13.10.2020,59.50,58.20,57.76,59.80,70 160
14.10.2020,57.80,58.70,57.12,59.34,49 776
15.10.2020,59.20,57.66,57.16,59.60,44 631
16.10.2020,58.14,58.38,57.66,59.14,31 632
19.10.2020,58.20,58.50,57.90,58.88,27 855
20.10.2020,58.56,58.02,57.48,58.70,29 805
21.10.2020,58.14,58.44,58.00,58.86,22 451
22.10.2020,58.40,59.24,58.26,59.56,34 578
23.10.2020,59.48,59.70,59.48,60.58,31 658
26.10.2020,59.72,58.28,58.04,60.30,37 594
27.10.2020,58.60,57.78,57.10,58.66,35 797
28.10.2020,57.46,55.30,55.04,57.70,55 589
29.10.2020,55.16,56.20,54.50,56.42,33 142
30.10.2020,55.90,56.90,55.30,57.88,33 221